{
    "accuracy": 0.8835322195704057,
    "precision": 1.0,
    "recall": 0.07924528301886792,
    "auc": 0.5451572327044025
}